Return_ID,Order_ID,Return_Date,Return_Reason,Refund_Amount
R3000001,O2000004,2026-05-09,Quality Issue,32744.55
R3000002,O2000018,2026-06-28,Late Delivery,17082.9
R3000003,O2000032,2026-06-24,Size Issue,5840.35
R3000004,O2000035,2026-03-14,Changed Mind,1518.4
R3000005,O2000041,2026-04-23,Damaged,54274.5
R3000006,O2000049,2026-07-05,Size Issue,8455.95
R3000007,O2000054,2026-05-12,Late Delivery,15283.2
R3000008,O2000059,2026-01-20,Changed Mind,7946.0
R3000009,O2000070,2026-05-01,Quality Issue,6361.4
R3000010,O2000072,2026-06-20,Damaged,4264.0
R3000011,O2000081,2026-03-12,Changed Mind,3367.8
R3000012,O2000083,2026-05-05,Quality Issue,695.1
R3000013,O2000092,2026-06-25,Quality Issue,3170.7
R3000014,O2000095,2026-07-05,Late Delivery,1384.15
R3000015,O2000096,2026-04-09,Size Issue,213.35
R3000016,O2000101,2026-04-22,Wrong Item,110328.0
R3000017,O2000104,2026-05-14,Size Issue,610.4
R3000018,O2000105,2026-03-16,Changed Mind,29986.2
R3000019,O2000124,2026-05-30,Size Issue,4324.4
R3000020,O2000128,2026-02-07,Quality Issue,20126.7
R3000021,O2000132,2026-02-20,Damaged,15078.0
R3000022,O2000177,2026-01-16,Wrong Item,6101.3
R3000023,O2000184,2026-01-29,Damaged,12557.0
R3000024,O2000201,2026-02-26,Changed Mind,15165.9
R3000025,O2000214,2026-04-22,Quality Issue,20187.9
R3000026,O2000232,2026-06-26,Size Issue,52299.65
R3000027,O2000233,2026-02-11,Size Issue,4664.8
R3000028,O2000235,2026-02-08,Quality Issue,20749.5
R3000029,O2000239,2026-07-09,Wrong Item,50586.75
R3000030,O2000242,2026-05-09,Quality Issue,1310.7
R3000031,O2000247,2026-01-25,Late Delivery,8065.6
R3000032,O2000258,2026-04-28,Quality Issue,17951.4
R3000033,O2000271,2026-04-28,Size Issue,3992.0
R3000034,O2000274,2026-05-25,Quality Issue,2203.2
R3000035,O2000279,2026-06-02,Size Issue,1561.8
R3000036,O2000291,2026-05-08,Size Issue,60279.4
R3000037,O2000300,2026-01-16,Quality Issue,3631.5
R3000038,O2000301,2026-03-16,Late Delivery,1412.25
R3000039,O2000309,2026-04-26,Changed Mind,2362.5
R3000040,O2000322,2026-02-01,Late Delivery,4722.3
R3000041,O2000324,2026-02-15,Late Delivery,108125.2
R3000042,O2000328,2026-04-12,Size Issue,11642.25
R3000043,O2000332,2026-07-03,Size Issue,27221.4
R3000044,O2000336,2026-04-20,Size Issue,8919.9
R3000045,O2000365,2026-04-15,Size Issue,10567.8
R3000046,O2000379,2026-02-10,Quality Issue,93755.5
R3000047,O2000397,2026-04-27,Wrong Item,11133.3
R3000048,O2000415,2026-04-20,Size Issue,1515.55
R3000049,O2000420,2026-02-11,Wrong Item,15591.0
R3000050,O2000423,2026-03-25,Size Issue,7762.0
R3000051,O2000430,2026-02-22,Size Issue,6038.1
R3000052,O2000431,2026-04-28,Quality Issue,2177.7
R3000053,O2000434,2026-05-02,Late Delivery,2013.0
R3000054,O2000442,2026-05-18,Size Issue,998.4
R3000055,O2000449,2026-04-09,Damaged,13412.0
R3000056,O2000459,2026-05-06,Late Delivery,5084.1
R3000057,O2000462,2026-06-07,Quality Issue,1284.0
R3000058,O2000471,2026-01-24,Wrong Item,12654.95
R3000059,O2000475,2026-02-23,Late Delivery,934.4
R3000060,O2000487,2026-04-20,Size Issue,4727.7
R3000061,O2000493,2026-03-04,Damaged,7539.0
R3000062,O2000495,2026-03-25,Damaged,3616.0
R3000063,O2000514,2026-02-03,Size Issue,69579.0
R3000064,O2000517,2026-02-13,Quality Issue,1224.0
R3000065,O2000523,2026-02-01,Size Issue,7548.0
R3000066,O2000525,2026-04-02,Size Issue,3935.25
R3000067,O2000540,2026-04-18,Quality Issue,3182.4
R3000068,O2000544,2026-04-09,Changed Mind,8576.1
R3000069,O2000561,2026-07-03,Changed Mind,9126.45
R3000070,O2000573,2026-05-06,Quality Issue,13586.4
R3000071,O2000584,2026-03-23,Changed Mind,149.6
R3000072,O2000595,2026-03-10,Quality Issue,6369.0
R3000073,O2000696,2026-04-06,Damaged,545.7
R3000074,O2000698,2026-01-18,Damaged,7042.0
R3000075,O2000700,2026-02-24,Wrong Item,9522.0
R3000076,O2000706,2026-04-09,Late Delivery,654.4
R3000077,O2000724,2026-06-20,Size Issue,104012.1
R3000078,O2000727,2026-06-17,Late Delivery,14302.8
R3000079,O2000740,2026-03-11,Damaged,790.4
R3000080,O2000748,2026-04-05,Quality Issue,7154.7
R3000081,O2000760,2026-01-21,Quality Issue,48444.3
R3000082,O2000767,2026-03-05,Quality Issue,38615.4
R3000083,O2000775,2026-02-12,Damaged,15176.0
R3000084,O2000785,2026-02-04,Size Issue,3709.75
R3000085,O2000788,2026-05-04,Quality Issue,1812.2
R3000086,O2000794,2026-04-03,Quality Issue,9101.95
R3000087,O2000796,2026-02-07,Size Issue,3731.0
R3000088,O2000815,2026-05-25,Quality Issue,14371.5
R3000089,O2000818,2026-03-11,Late Delivery,25231.4
R3000090,O2000825,2026-01-30,Size Issue,15298.2
R3000091,O2000839,2026-04-17,Late Delivery,9873.0
R3000092,O2000840,2026-02-03,Damaged,162187.8
R3000093,O2000849,2026-04-05,Size Issue,10532.7
R3000094,O2000850,2026-02-27,Late Delivery,2341.8
R3000095,O2000855,2026-03-13,Wrong Item,10329.75
R3000096,O2000866,2026-05-09,Changed Mind,18835.5
R3000097,O2000873,2026-07-03,Size Issue,359.25
R3000098,O2000880,2026-06-24,Quality Issue,51094.0
R3000099,O2000881,2026-06-13,Late Delivery,2733.5
R3000100,O2000903,2026-05-01,Damaged,3462.9
R3000101,O2000904,2026-04-04,Late Delivery,3123.9
R3000102,O2000914,2026-07-08,Wrong Item,4763.0
R3000103,O2000931,2026-04-03,Damaged,69818.4
R3000104,O2000939,2026-04-08,Damaged,118863.15
R3000105,O2000950,2026-05-28,Size Issue,17231.2
R3000106,O2000968,2026-06-22,Quality Issue,1540.8
R3000107,O2000973,2026-02-10,Quality Issue,22617.0
R3000108,O2000974,2026-06-26,Damaged,8737.2
R3000109,O2000998,2026-03-02,Changed Mind,39430.4
R3000110,O2001008,2026-04-30,Quality Issue,27539.55
R3000111,O2001022,2026-06-29,Damaged,16376.95
R3000112,O2001023,2026-03-10,Damaged,44607.6
R3000113,O2001025,2026-06-06,Late Delivery,14328.0
R3000114,O2001029,2026-03-14,Wrong Item,85037.4
R3000115,O2001031,2026-03-11,Size Issue,8047.0
R3000116,O2001034,2026-03-31,Damaged,5988.0
R3000117,O2001044,2026-02-09,Size Issue,11252.0
R3000118,O2001045,2026-01-28,Wrong Item,7891.65
R3000119,O2001048,2026-06-02,Wrong Item,15408.0
R3000120,O2001060,2026-04-24,Quality Issue,3054.0
R3000121,O2001064,2026-02-02,Wrong Item,6166.8
R3000122,O2001090,2026-02-26,Damaged,2544.0
R3000123,O2001095,2026-05-23,Damaged,5283.6
R3000124,O2001096,2026-01-29,Wrong Item,2476.9
R3000125,O2001097,2026-07-16,Wrong Item,5760.0
R3000126,O2001115,2026-04-05,Changed Mind,2691.75
R3000127,O2001124,2026-04-28,Size Issue,762.45
R3000128,O2001134,2026-05-19,Changed Mind,113816.0
R3000129,O2001150,2026-03-26,Late Delivery,1400.4
R3000130,O2001153,2026-02-14,Size Issue,8176.8
R3000131,O2001166,2026-03-27,Wrong Item,10383.0
R3000132,O2001172,2026-07-15,Wrong Item,2895.95
R3000133,O2001174,2026-04-17,Damaged,4976.1
R3000134,O2001202,2026-04-07,Wrong Item,716.55
R3000135,O2001214,2026-03-29,Quality Issue,1909.0
R3000136,O2001221,2026-04-28,Size Issue,25976.7
R3000137,O2001233,2026-06-05,Quality Issue,9962.85
R3000138,O2001250,2026-02-15,Size Issue,7696.8
R3000139,O2001259,2026-07-13,Size Issue,19058.0
R3000140,O2001282,2026-04-08,Quality Issue,1693.85
R3000141,O2001293,2026-01-20,Wrong Item,40894.2
R3000142,O2001295,2026-06-27,Late Delivery,29455.2
R3000143,O2001311,2026-06-25,Late Delivery,59438.7
R3000144,O2001319,2026-07-12,Quality Issue,4188.8
R3000145,O2001325,2026-05-03,Wrong Item,11008.8
R3000146,O2001349,2026-04-11,Size Issue,910.1
R3000147,O2001357,2026-02-20,Size Issue,11495.0
R3000148,O2001361,2026-05-31,Changed Mind,3945.6
R3000149,O2001367,2026-05-13,Late Delivery,8143.85
R3000150,O2001369,2026-04-07,Quality Issue,4598.1
R3000151,O2001378,2026-04-08,Size Issue,4072.0
R3000152,O2001395,2026-04-06,Size Issue,5691.0
R3000153,O2001398,2026-02-05,Quality Issue,3510.9
R3000154,O2001400,2026-05-02,Damaged,93226.0
R3000155,O2001407,2026-05-24,Changed Mind,741.2
R3000156,O2001410,2026-03-04,Damaged,2716.8
R3000157,O2001412,2026-05-18,Size Issue,5558.0
R3000158,O2001419,2026-06-24,Quality Issue,8176.8
R3000159,O2001420,2026-06-14,Late Delivery,56189.25
R3000160,O2001421,2026-01-19,Quality Issue,609.9
R3000161,O2001422,2026-04-12,Changed Mind,5440.0
R3000162,O2001441,2026-01-06,Size Issue,4797.0
R3000163,O2001457,2026-05-06,Size Issue,60471.0
R3000164,O2001463,2026-04-29,Changed Mind,24657.0
R3000165,O2001475,2026-04-22,Wrong Item,10553.4
R3000166,O2001484,2026-05-26,Late Delivery,11643.0
R3000167,O2001487,2026-03-06,Quality Issue,48960.0
R3000168,O2001500,2026-01-26,Size Issue,3711.6
R3000169,O2001520,2026-06-10,Quality Issue,2486.7
R3000170,O2001521,2026-03-23,Damaged,8573.4
R3000171,O2001523,2026-06-03,Quality Issue,564.75
R3000172,O2001524,2026-04-05,Late Delivery,19309.5
R3000173,O2001525,2026-07-10,Changed Mind,4859.25
R3000174,O2001535,2026-03-20,Size Issue,5445.0
R3000175,O2001540,2026-02-17,Quality Issue,2362.15
R3000176,O2001544,2026-03-16,Changed Mind,76384.8
R3000177,O2001566,2026-06-13,Size Issue,6062.0
R3000178,O2001577,2026-06-16,Damaged,25317.0
R3000179,O2001582,2026-02-25,Late Delivery,4983.55
R3000180,O2001598,2026-05-31,Quality Issue,1845.6
R3000181,O2001617,2026-02-19,Wrong Item,5967.0
R3000182,O2001631,2026-03-12,Size Issue,2457.6
R3000183,O2001638,2026-01-17,Late Delivery,105668.8
R3000184,O2001642,2026-02-05,Changed Mind,7946.0
R3000185,O2001643,2026-07-11,Size Issue,48376.8
R3000186,O2001650,2026-07-01,Size Issue,23752.0
R3000187,O2001653,2026-04-01,Damaged,3409.55
R3000188,O2001701,2026-06-13,Size Issue,2868.75
R3000189,O2001709,2026-05-24,Late Delivery,7484.0
R3000190,O2001714,2026-02-05,Changed Mind,26504.7
R3000191,O2001716,2026-06-13,Damaged,143100.0
R3000192,O2001724,2026-03-03,Late Delivery,9222.6
R3000193,O2001731,2026-02-16,Quality Issue,11400.0
R3000194,O2001740,2026-06-30,Changed Mind,64365.0
R3000195,O2001745,2026-04-09,Quality Issue,33055.2
R3000196,O2001750,2026-03-03,Size Issue,49564.0
R3000197,O2001768,2026-01-13,Quality Issue,15370.0
R3000198,O2001792,2026-05-17,Size Issue,17864.8
R3000199,O2001793,2026-03-03,Size Issue,24672.95
R3000200,O2001799,2026-06-17,Changed Mind,35972.8
R3000201,O2001829,2026-02-06,Wrong Item,5521.4
R3000202,O2001845,2026-02-08,Quality Issue,7473.6
R3000203,O2001853,2026-04-21,Changed Mind,1658.7
R3000204,O2001860,2026-03-19,Damaged,1556.0
R3000205,O2001872,2026-04-05,Wrong Item,7196.4
R3000206,O2001882,2026-06-30,Size Issue,2280.0
R3000207,O2001893,2026-03-31,Damaged,110545.8
R3000208,O2001897,2026-01-30,Quality Issue,7664.8
R3000209,O2001898,2026-05-21,Quality Issue,5346.0
R3000210,O2001906,2026-07-07,Quality Issue,16954.1
R3000211,O2001908,2026-06-19,Quality Issue,3298.85
R3000212,O2001915,2026-05-10,Damaged,40469.4
R3000213,O2001921,2026-03-14,Wrong Item,33246.9
R3000214,O2001933,2026-06-11,Late Delivery,4436.15
R3000215,O2001940,2026-03-27,Changed Mind,3213.0
R3000216,O2001941,2026-07-04,Size Issue,3043.2
R3000217,O2001950,2026-02-22,Quality Issue,5901.6
R3000218,O2001952,2026-03-11,Size Issue,5894.1
R3000219,O2001956,2026-02-13,Changed Mind,3083.4
R3000220,O2001963,2026-01-17,Late Delivery,3602.3
R3000221,O2001969,2026-05-19,Size Issue,5855.4
R3000222,O2001971,2026-05-27,Size Issue,4249.0
R3000223,O2001988,2026-03-27,Quality Issue,1339.5
R3000224,O2001992,2026-07-06,Changed Mind,2811.2
R3000225,O2001997,2026-02-06,Size Issue,7408.0
R3000226,O2002004,2026-05-30,Wrong Item,8779.65
R3000227,O2002005,2026-02-09,Wrong Item,9093.0
R3000228,O2002021,2026-05-05,Changed Mind,6486.6
R3000229,O2002050,2026-01-26,Wrong Item,2094.4
R3000230,O2002056,2026-04-11,Changed Mind,11407.0
R3000231,O2002058,2026-05-12,Damaged,8313.2
R3000232,O2002062,2026-02-11,Size Issue,2988.0
R3000233,O2002067,2026-03-03,Damaged,5081.55
R3000234,O2002073,2026-02-16,Changed Mind,8562.6
R3000235,O2002080,2026-03-17,Changed Mind,22462.0
R3000236,O2002085,2026-01-28,Size Issue,53696.0
R3000237,O2002091,2026-03-18,Damaged,5283.9
R3000238,O2002099,2026-01-26,Late Delivery,35202.6
R3000239,O2002114,2026-04-09,Size Issue,8477.05
R3000240,O2002134,2026-07-06,Size Issue,3222.9
R3000241,O2002154,2026-02-09,Quality Issue,8871.0
R3000242,O2002155,2026-04-12,Size Issue,37187.1
R3000243,O2002156,2026-06-20,Size Issue,13749.0
R3000244,O2002173,2026-03-30,Damaged,16396.0
R3000245,O2002174,2026-06-03,Late Delivery,8773.5
R3000246,O2002211,2026-01-18,Changed Mind,7788.1
R3000247,O2002237,2026-06-11,Damaged,2712.0
R3000248,O2002248,2026-01-29,Quality Issue,8989.85
R3000249,O2002262,2026-05-20,Late Delivery,158.4
R3000250,O2002293,2026-07-02,Damaged,9834.5
R3000251,O2002299,2026-03-22,Size Issue,10011.6
R3000252,O2002300,2026-04-18,Size Issue,47669.7
R3000253,O2002302,2026-03-14,Size Issue,691.6
R3000254,O2002316,2026-05-25,Size Issue,4275.0
R3000255,O2002319,2026-02-05,Damaged,2484.75
R3000256,O2002336,2026-07-12,Quality Issue,4932.0
R3000257,O2002362,2026-02-22,Late Delivery,9101.95
R3000258,O2002363,2026-04-10,Quality Issue,2031.0
R3000259,O2002366,2026-04-03,Changed Mind,846.6
R3000260,O2002371,2026-03-11,Wrong Item,843.75
R3000261,O2002394,2026-02-01,Size Issue,14484.6
R3000262,O2002395,2026-01-30,Wrong Item,1072.4
R3000263,O2002414,2026-03-12,Late Delivery,5921.1
R3000264,O2002430,2026-02-14,Quality Issue,4867.95
R3000265,O2002445,2026-03-29,Damaged,36607.3
R3000266,O2002453,2026-03-27,Damaged,1193.4
R3000267,O2002454,2026-03-20,Size Issue,3031.0
R3000268,O2002456,2026-01-26,Wrong Item,5742.4
R3000269,O2002469,2026-01-28,Wrong Item,14494.5
R3000270,O2002494,2026-06-10,Quality Issue,32564.7
R3000271,O2002511,2026-04-02,Damaged,28264.2
R3000272,O2002516,2026-03-23,Late Delivery,1600.55
R3000273,O2002519,2026-06-30,Size Issue,12593.6
R3000274,O2002521,2026-03-01,Damaged,176.0
R3000275,O2002530,2026-06-01,Size Issue,3881.0
R3000276,O2002535,2026-04-17,Damaged,8399.25
R3000277,O2002550,2026-04-04,Quality Issue,15190.2
R3000278,O2002570,2026-06-03,Damaged,16878.0
R3000279,O2002575,2026-01-22,Quality Issue,5783.4
R3000280,O2002585,2026-01-18,Quality Issue,3168.9
R3000281,O2002587,2026-05-25,Late Delivery,2880.0
R3000282,O2002591,2026-04-03,Quality Issue,3142.8
R3000283,O2002592,2026-03-16,Wrong Item,3426.0
R3000284,O2002596,2026-05-28,Size Issue,19366.4
R3000285,O2002601,2026-02-08,Damaged,17982.0
R3000286,O2002609,2026-02-21,Damaged,10783.2
R3000287,O2002610,2026-06-04,Size Issue,4983.55
R3000288,O2002621,2026-01-30,Size Issue,1199.1
R3000289,O2002623,2026-03-05,Damaged,2427.0
R3000290,O2002641,2026-04-02,Quality Issue,736.2
R3000291,O2002655,2026-06-07,Changed Mind,24260.7
R3000292,O2002662,2026-03-19,Late Delivery,4264.0
R3000293,O2002679,2026-01-22,Quality Issue,7723.95
R3000294,O2002686,2026-06-19,Size Issue,16790.05
R3000295,O2002687,2026-07-09,Size Issue,10413.0
R3000296,O2002696,2026-06-24,Size Issue,8622.9
R3000297,O2002700,2026-01-20,Quality Issue,57728.65
R3000298,O2002713,2026-07-06,Size Issue,9582.05
R3000299,O2002726,2026-02-02,Wrong Item,3083.4
R3000300,O2002732,2026-03-08,Quality Issue,16930.3
R3000301,O2002734,2026-01-27,Changed Mind,22179.6
R3000302,O2002736,2026-03-26,Wrong Item,176.0
R3000303,O2002759,2026-04-18,Wrong Item,583.5
R3000304,O2002764,2026-06-20,Quality Issue,2213.1
R3000305,O2002767,2026-03-21,Damaged,1581.3
R3000306,O2002803,2026-03-21,Size Issue,8248.0
R3000307,O2002817,2026-05-19,Late Delivery,8198.0
R3000308,O2002818,2026-05-12,Quality Issue,3800.0
R3000309,O2002823,2026-03-19,Damaged,4778.2
R3000310,O2002825,2026-05-08,Size Issue,3377.25
R3000311,O2002826,2026-05-15,Quality Issue,9939.0
R3000312,O2002831,2026-03-09,Size Issue,6598.4
R3000313,O2002838,2026-04-05,Size Issue,38534.0
R3000314,O2002839,2026-01-27,Damaged,14628.6
R3000315,O2002841,2026-03-07,Changed Mind,2716.8
R3000316,O2002844,2026-01-23,Quality Issue,15427.5
R3000317,O2002852,2026-02-12,Quality Issue,8696.7
R3000318,O2002862,2026-04-26,Late Delivery,43001.6
R3000319,O2002925,2026-02-14,Size Issue,46403.25
R3000320,O2002927,2026-01-06,Damaged,1248.0
R3000321,O2002932,2026-06-28,Size Issue,5222.4
R3000322,O2002934,2026-02-04,Size Issue,3907.0
R3000323,O2002952,2026-03-15,Quality Issue,1364.0
R3000324,O2002956,2026-01-12,Size Issue,2109.6
R3000325,O2002973,2026-01-29,Late Delivery,3201.1
R3000326,O2003014,2026-07-10,Damaged,8005.5
R3000327,O2003023,2026-01-17,Size Issue,9481.0
R3000328,O2003049,2026-07-05,Size Issue,6729.3
R3000329,O2003051,2026-03-01,Size Issue,10807.2
R3000330,O2003067,2026-03-02,Quality Issue,1629.6
R3000331,O2003072,2026-04-25,Wrong Item,3881.0
R3000332,O2003081,2026-04-03,Wrong Item,39476.0
R3000333,O2003102,2026-04-03,Damaged,60293.7
R3000334,O2003116,2026-01-16,Size Issue,57708.0
R3000335,O2003131,2026-01-23,Changed Mind,17775.0
R3000336,O2003138,2026-03-12,Wrong Item,11693.25
R3000337,O2003146,2026-06-23,Wrong Item,45641.6
R3000338,O2003166,2026-03-20,Size Issue,4936.5
R3000339,O2003174,2026-03-20,Size Issue,8220.0
R3000340,O2003180,2026-04-15,Quality Issue,23977.8
R3000341,O2003181,2026-05-15,Quality Issue,33348.0
R3000342,O2003195,2026-04-29,Changed Mind,1492.4
R3000343,O2003201,2026-02-10,Size Issue,8991.0
R3000344,O2003215,2026-02-24,Quality Issue,1027.2
R3000345,O2003226,2026-01-26,Quality Issue,41004.0
R3000346,O2003230,2026-04-07,Damaged,10173.6
R3000347,O2003238,2026-06-26,Damaged,19714.05
R3000348,O2003241,2026-06-08,Size Issue,577.8
R3000349,O2003263,2026-06-19,Quality Issue,56677.0
R3000350,O2003272,2026-04-16,Changed Mind,7822.8
R3000351,O2003288,2026-06-16,Late Delivery,22439.25
R3000352,O2003294,2026-03-29,Quality Issue,2105.25
R3000353,O2003299,2026-01-20,Wrong Item,6606.0
R3000354,O2003312,2026-02-08,Size Issue,9250.2
R3000355,O2003322,2026-02-09,Damaged,5385.6
R3000356,O2003323,2026-05-06,Size Issue,10196.8
R3000357,O2003333,2026-06-23,Changed Mind,8262.85
R3000358,O2003363,2026-06-14,Size Issue,8534.4
R3000359,O2003370,2026-04-15,Damaged,2422.4
R3000360,O2003377,2026-02-05,Size Issue,4152.0
R3000361,O2003379,2026-06-27,Changed Mind,9296.45
R3000362,O2003402,2026-06-14,Late Delivery,30596.4
R3000363,O2003411,2026-02-15,Damaged,8898.0
R3000364,O2003455,2026-04-08,Quality Issue,352.0
R3000365,O2003481,2026-02-24,Wrong Item,1640.8
R3000366,O2003502,2026-02-18,Quality Issue,41917.5
R3000367,O2003503,2026-02-04,Changed Mind,58078.25
R3000368,O2003505,2026-06-25,Damaged,36848.6
R3000369,O2003518,2026-03-17,Damaged,66636.0
R3000370,O2003557,2026-05-13,Wrong Item,7835.6
R3000371,O2003563,2026-02-23,Size Issue,38891.2
R3000372,O2003567,2026-05-24,Late Delivery,8193.15
R3000373,O2003585,2026-01-08,Quality Issue,8789.9
R3000374,O2003588,2026-02-15,Wrong Item,17088.0
R3000375,O2003593,2026-06-22,Damaged,9595.8
R3000376,O2003596,2026-06-01,Late Delivery,42428.9
R3000377,O2003618,2026-03-16,Changed Mind,3198.6
R3000378,O2003630,2026-01-18,Late Delivery,3315.85
R3000379,O2003635,2026-06-03,Damaged,4741.2
R3000380,O2003640,2026-03-07,Damaged,4052.7
R3000381,O2003661,2026-02-22,Quality Issue,894.6
R3000382,O2003665,2026-05-03,Late Delivery,2026.35
R3000383,O2003690,2026-06-02,Changed Mind,23623.2
R3000384,O2003693,2026-06-09,Quality Issue,4983.55
R3000385,O2003695,2026-03-21,Damaged,13767.4
R3000386,O2003708,2026-07-08,Damaged,198129.0
R3000387,O2003709,2026-04-28,Damaged,39621.05
R3000388,O2003710,2026-03-21,Size Issue,10082.0
R3000389,O2003717,2026-02-23,Wrong Item,11322.85
R3000390,O2003725,2026-01-13,Late Delivery,3901.0
R3000391,O2003728,2026-06-30,Late Delivery,5883.7
R3000392,O2003734,2026-03-06,Wrong Item,3666.6
R3000393,O2003743,2026-06-19,Late Delivery,1177.4
R3000394,O2003752,2026-07-11,Damaged,213.35
R3000395,O2003782,2026-03-23,Wrong Item,27546.0
R3000396,O2003784,2026-01-17,Size Issue,32640.0
R3000397,O2003794,2026-06-18,Size Issue,173185.95
R3000398,O2003803,2026-06-22,Size Issue,12825.0
R3000399,O2003809,2026-05-21,Changed Mind,28740.0
R3000400,O2003816,2026-03-19,Wrong Item,79827.2
R3000401,O2003817,2026-05-26,Size Issue,9018.4
R3000402,O2003820,2026-05-21,Size Issue,4740.5
R3000403,O2003829,2026-01-09,Size Issue,5389.2
R3000404,O2003831,2026-01-26,Size Issue,3627.1
R3000405,O2003838,2026-03-02,Changed Mind,10970.0
R3000406,O2003846,2026-05-03,Damaged,5696.0
R3000407,O2003857,2026-04-23,Size Issue,20467.8
R3000408,O2003877,2026-04-09,Quality Issue,12236.0
R3000409,O2003879,2026-04-02,Changed Mind,1966.4
R3000410,O2003886,2026-06-07,Wrong Item,20737.5
R3000411,O2003888,2026-01-13,Wrong Item,5153.25
R3000412,O2003893,2026-05-11,Damaged,6829.2
R3000413,O2003898,2026-05-05,Size Issue,1803.1
R3000414,O2003903,2026-03-18,Quality Issue,4332.8
R3000415,O2003905,2026-02-19,Size Issue,6636.6
R3000416,O2003915,2026-03-24,Quality Issue,6329.25
R3000417,O2003920,2026-04-15,Damaged,45568.0
R3000418,O2003922,2026-04-04,Damaged,44885.1
R3000419,O2003924,2026-02-15,Size Issue,810.0
R3000420,O2003936,2026-02-21,Changed Mind,171279.9
R3000421,O2003937,2026-04-30,Changed Mind,7000.2
R3000422,O2003940,2026-05-03,Size Issue,184.8
R3000423,O2003953,2026-05-27,Damaged,3742.5
R3000424,O2003954,2026-01-27,Quality Issue,28130.0
R3000425,O2003968,2026-03-14,Changed Mind,7179.0
R3000426,O2003992,2026-02-09,Wrong Item,8075.25
R3000427,O2003993,2026-05-12,Size Issue,11471.4
R3000428,O2003999,2026-04-23,Changed Mind,10004.5
R3000429,O2004003,2026-04-26,Late Delivery,9033.0
R3000430,O2004010,2026-03-20,Size Issue,10194.9
R3000431,O2004012,2026-02-11,Changed Mind,2512.3
R3000432,O2004017,2026-06-20,Size Issue,135166.5
R3000433,O2004025,2026-04-03,Size Issue,1370.4
R3000434,O2004035,2026-07-14,Quality Issue,50749.6
R3000435,O2004037,2026-04-30,Size Issue,68955.0
R3000436,O2004040,2026-02-07,Quality Issue,15880.0
R3000437,O2004055,2026-02-03,Damaged,12713.6
R3000438,O2004060,2026-06-22,Wrong Item,2048.4
R3000439,O2004065,2026-03-15,Quality Issue,55094.0
R3000440,O2004080,2026-02-12,Quality Issue,16382.4
R3000441,O2004084,2026-04-24,Size Issue,7032.6
R3000442,O2004090,2026-06-10,Damaged,5204.0
R3000443,O2004106,2026-05-01,Wrong Item,201.0
R3000444,O2004112,2026-05-26,Changed Mind,21808.8
R3000445,O2004118,2026-03-31,Quality Issue,2817.75
R3000446,O2004120,2026-03-10,Wrong Item,7978.4
R3000447,O2004169,2026-03-25,Wrong Item,57288.6
R3000448,O2004190,2026-04-23,Damaged,4390.4
R3000449,O2004202,2026-02-15,Size Issue,9944.0
R3000450,O2004205,2026-06-04,Damaged,19681.75
R3000451,O2004206,2026-02-12,Changed Mind,1620.0
R3000452,O2004210,2026-02-25,Size Issue,6793.2
R3000453,O2004212,2026-04-12,Quality Issue,6549.0
R3000454,O2004226,2026-01-24,Changed Mind,86448.6
R3000455,O2004238,2026-01-27,Wrong Item,1378.8
R3000456,O2004250,2026-01-21,Quality Issue,5988.0
R3000457,O2004293,2026-02-23,Size Issue,16152.75
R3000458,O2004313,2026-04-03,Size Issue,9962.85
R3000459,O2004315,2026-03-12,Damaged,2545.05
R3000460,O2004316,2026-06-28,Changed Mind,10188.0
R3000461,O2004319,2026-05-28,Quality Issue,48710.4
R3000462,O2004321,2026-02-14,Quality Issue,2119.0
R3000463,O2004330,2026-02-13,Changed Mind,31296.15
R3000464,O2004348,2026-05-20,Wrong Item,15289.3
R3000465,O2004376,2026-01-16,Size Issue,2665.5
R3000466,O2004378,2026-02-26,Damaged,19160.0
R3000467,O2004398,2026-02-01,Wrong Item,9679.0
R3000468,O2004406,2026-01-27,Quality Issue,6839.95
R3000469,O2004416,2026-01-10,Quality Issue,12367.8
R3000470,O2004421,2026-03-04,Quality Issue,45484.0
R3000471,O2004427,2026-05-23,Wrong Item,3274.0
R3000472,O2004435,2026-02-27,Damaged,6039.15
R3000473,O2004441,2026-07-14,Damaged,7655.9
R3000474,O2004442,2026-01-18,Damaged,11060.85
R3000475,O2004459,2026-01-21,Changed Mind,4774.45
R3000476,O2004460,2026-06-18,Size Issue,47700.0
R3000477,O2004464,2026-05-31,Quality Issue,24269.65
R3000478,O2004466,2026-06-22,Late Delivery,8129.7
R3000479,O2004472,2026-04-06,Changed Mind,2665.0
R3000480,O2004473,2026-04-18,Late Delivery,8514.45
R3000481,O2004480,2026-07-04,Changed Mind,6506.0
R3000482,O2004484,2026-02-17,Late Delivery,73630.5
R3000483,O2004485,2026-06-13,Late Delivery,449.6
R3000484,O2004527,2026-05-29,Quality Issue,51064.4
R3000485,O2004530,2026-03-05,Damaged,4853.55
R3000486,O2004558,2026-06-18,Quality Issue,3414.0
